{
  "month": "2026-07",
  "limit_usd": 30,
  "spent_usd": 14.017,
  "by_tool": {
    "flux-schnell": 0.018,
    "elevenlabs": 12.468999999999998,
    "gpt-image": 1.5299999999999998
  }
}
