{
  "month": "2026-07",
  "limit_usd": 30,
  "spent_usd": 16.422,
  "by_tool": {
    "flux-schnell": 0.018,
    "elevenlabs": 14.533999999999999,
    "gpt-image": 1.8699999999999997
  }
}
